elapsed_ms,raw_counts,filtered_counts,runtime_zero_counts,delta_counts,torque_nm,cadence_rpm,power_watts,ble_power_watts,ble_cadence_rpm,revolutions,corrected_gyro_dps,forward_velocity_dps,crank_angle_degrees,esp_temperature_c,ble_connected
25,-1427477,-1427494,-1427982,488,-1.04,0.00,0,0,0.00,0,-0.5,0.5,0.00,34.1,1
229,-1427453,-1427451,-1427982,531,-1.14,0.00,0,0,0.00,0,-2.3,2.3,0.00,34.1,1
433,-1427591,-1427580,-1427982,402,-0.88,0.00,0,0,0.00,0,-1.7,1.7,0.00,34.1,1
637,-1427917,-1427860,-1427982,122,-0.28,0.00,0,0,0.00,0,-2.2,2.2,0.00,34.1,1
846,-1428083,-1428038,-1427982,-56,0.04,0.00,0,0,0.00,0,-9.9,9.9,1.23,34.1,1
1052,-1427385,-1427476,-1427982,506,-0.93,0.00,0,0,0.00,0,-17.1,17.1,4.31,34.1,1
1256,-1427503,-1427502,-1427982,480,-1.03,0.00,0,0,0.00,0,-10.2,10.2,7.17,34.1,1
1460,-1426590,-1426494,-1427982,1488,-3.28,0.00,0,0,0.00,0,4.2,-4.2,7.53,34.1,1
1664,-1422506,-1423053,-1427982,4929,-9.62,0.00,0,0,0.00,0,10.2,-10.2,7.53,34.1,1
1873,-1419796,-1420028,-1427982,7954,-16.96,0.00,0,0,0.00,0,10.7,-10.7,7.53,34.1,1
2079,-1414417,-1415146,-1427982,12836,-26.24,0.00,0,0,0.00,0,-2.4,2.4,7.53,34.1,1
2283,-1409305,-1409880,-1427982,18102,-37.82,0.00,0,0,0.00,0,-18.5,18.5,9.95,34.1,1
2487,-1410317,-1410137,-1427982,17845,-38.36,0.00,0,0,0.00,0,-46.5,46.5,17.26,34.1,1
2691,-1412210,-1411995,-1427982,15987,-34.40,0.00,0,0,0.00,0,-71.2,71.2,29.98,34.1,1
2900,-1420622,-1419754,-1427982,8228,-19.21,0.00,0,0,0.00,0,-97.5,97.5,48.03,34.1,1
3104,-1429012,-1427932,-1427982,50,-0.55,0.00,0,0,0.00,0,-138.4,138.4,72.78,34.1,1
3313,-1438395,-1437238,-1427982,-9256,19.46,0.00,0,0,0.00,0,-180.5,180.5,107.64,34.1,1
3517,-1449791,-1448863,-1427982,-20881,43.15,0.00,0,0,0.00,0,-192.7,192.7,146.62,34.1,1
3721,-1452397,-1452168,-1427982,-24186,51.48,0.00,0,0,0.00,0,-177.2,177.2,184.46,34.1,1
3930,-1443481,-1444893,-1427982,-16911,36.79,0.00,0,0,0.00,0,-155.0,155.0,218.28,34.1,1
4135,-1431858,-1432476,-1427982,-4494,10.79,0.00,0,0,0.00,0,-158.6,158.6,250.06,34.1,1
4339,-1427551,-1428107,-1427982,-125,1.26,0.00,0,0,0.00,0,-172.8,172.8,284.45,34.1,1
4543,-1422622,-1423255,-1427982,4727,-9.92,0.00,0,0,0.00,0,-181.9,181.9,320.95,34.1,1
4747,-1413329,-1413999,-1427982,13983,-28.56,0.00,0,0,0.00,0,-173.9,173.9,357.52,34.1,1
4966,-1412533,-1412531,-1427982,15451,-33.14,14.80,25,25,14.80,1,-146.9,146.9,31.59,34.1,1
5176,-1416746,-1416150,-1427982,11832,-25.61,14.80,25,25,14.80,1,-150.3,150.3,62.07,33.1,1
5383,-1432681,-1431281,-1427982,-3299,4.57,14.80,25,25,14.80,1,-175.1,175.1,96.67,33.1,1
5591,-1444269,-1442824,-1427982,-14842,29.28,14.80,25,25,14.80,1,-197.9,197.9,136.02,33.1,1
5811,-1458574,-1457640,-1427982,-29658,61.59,14.80,25,25,14.80,1,-201.7,201.7,180.70,33.1,1
6024,-1450381,-1451742,-1427982,-23760,53.35,14.80,25,25,14.80,1,-183.3,183.3,221.18,33.1,1
6233,-1435377,-1437028,-1427982,-9046,20.02,14.80,25,25,14.80,1,-188.4,188.4,259.88,33.1,1
6441,-1427436,-1428182,-1427982,-200,1.94,14.80,25,25,14.80,1,-198.0,198.0,300.46,33.1,1
6649,-1419281,-1420333,-1427982,7649,-14.55,14.80,25,25,14.80,1,-199.0,199.0,342.13,33.1,1
6858,-1413698,-1414289,-1427982,13693,-29.18,30.69,38,25,14.80,2,-175.3,175.3,20.82,33.1,1
7072,-1414030,-1413801,-1427982,14181,-30.83,30.69,38,38,30.69,2,-199.8,199.8,60.00,33.1,1
7279,-1430314,-1428035,-1427982,-53,-3.89,30.69,38,38,30.69,2,-272.8,272.8,111.19,33.1,1
7487,-1454692,-1451617,-1427982,-23635,49.64,30.69,38,38,30.69,2,-307.3,307.3,173.64,33.1,1
7695,-1456428,-1457815,-1427982,-29833,66.35,30.69,38,38,30.69,2,-287.8,287.8,235.05,33.1,1
7903,-1434406,-1437000,-1427982,-9018,20.43,30.69,38,38,30.69,2,-296.2,296.2,295.69,33.1,1
8115,-1421939,-1423500,-1427982,4482,-9.06,30.69,38,38,30.69,2,-296.2,296.2,359.17,33.1,1
8324,-1415643,-1415477,-1427982,12505,-27.06,42.43,46,38,30.69,3,-285.1,285.1,58.79,33.1,1
8532,-1428755,-1426779,-1427982,1203,-3.32,42.43,46,38,30.69,3,-325.8,325.8,123.38,33.1,1
8740,-1460155,-1458483,-1427982,-30501,61.46,42.43,46,38,30.69,3,-327.9,327.9,192.61,33.1,1
8948,-1445990,-1447964,-1427982,-19982,46.32,42.43,46,38,30.69,3,-311.7,311.7,257.91,33.1,1
9165,-1428183,-1430183,-1427982,-2201,5.58,42.43,46,46,42.43,3,-325.6,325.6,327.45,33.1,1
9387,-1415316,-1415931,-1427982,12051,-24.23,51.50,69,46,42.43,4,-303.3,303.3,36.78,33.1,1
9594,-1422391,-1421403,-1427982,6579,-14.48,51.50,69,46,42.43,4,-308.7,308.7,99.53,33.1,1
9802,-1442429,-1439728,-1427982,-11746,24.26,51.50,69,46,42.43,4,-324.0,324.0,166.16,33.1,1
10015,-1455681,-1455952,-1427982,-27970,60.36,51.50,69,69,51.50,4,-303.4,303.4,232.52,33.1,1
10223,-1436789,-1439249,-1427982,-11267,25.15,51.50,69,69,51.50,4,-322.7,322.7,297.71,33.1,1
10433,-1416950,-1418375,-1427982,9607,-17.56,54.54,84,69,51.50,5,-319.8,319.8,5.91,33.1,1
10641,-1416004,-1415868,-1427982,12114,-26.18,54.54,84,69,51.50,5,-309.9,309.9,70.28,33.1,1
10849,-1432223,-1429764,-1427982,-1782,2.91,54.54,84,69,51.50,5,-348.6,348.6,140.29,33.1,1
11062,-1460337,-1459611,-1427982,-31629,65.52,54.54,84,84,54.54,5,-333.0,333.0,213.46,33.1,1
11270,-1441085,-1443651,-1427982,-15669,38.13,54.54,84,84,54.54,5,-338.0,338.0,282.45,33.1,1
11479,-1424367,-1426259,-1427982,1723,-3.01,54.54,84,84,54.54,5,-346.8,346.8,354.96,33.1,1
11699,-1417815,-1417587,-1427982,10395,-22.63,54.55,96,84,54.54,6,-326.8,326.8,67.70,33.1,1
11907,-1433837,-1431436,-1427982,-3454,6.52,54.55,96,84,54.54,6,-359.7,359.7,139.97,33.1,1
12120,-1461057,-1460350,-1427982,-32368,67.17,54.55,96,96,54.55,6,-345.0,345.0,215.85,33.1,1
12328,-1440211,-1442952,-1427982,-14970,36.95,54.55,96,96,54.55,6,-353.3,353.3,287.53,33.1,1
12537,-1422533,-1424596,-1427982,3386,-6.38,59.77,103,96,54.55,7,-367.0,367.0,3.63,33.1,1
12745,-1418599,-1418099,-1427982,9883,-21.87,59.77,103,96,54.55,7,-357.2,357.2,78.00,33.1,1
12953,-1441667,-1438205,-1427982,-10223,15.89,59.77,103,96,54.55,7,-392.6,392.6,157.30,33.1,1
13166,-1469515,-1466793,-1427982,-38811,82.07,59.77,103,103,59.77,7,-366.0,366.0,238.03,33.1,1
13374,-1436916,-1440366,-1427982,-12384,33.49,59.77,103,103,59.77,7,-381.2,381.2,315.40,33.1,1
13584,-1418004,-1420369,-1427982,7613,-12.09,60.30,110,103,59.77,8,-375.8,375.8,35.93,33.1,1
13792,-1420344,-1419614,-1427982,8368,-18.19,60.30,110,103,59.77,8,-383.8,383.8,113.86,33.1,1
14009,-1460887,-1456905,-1427982,-28923,54.98,60.30,110,103,59.77,8,-387.9,387.9,198.72,33.1,1
14221,-1457368,-1458679,-1427982,-30697,66.21,60.30,110,110,60.30,8,-374.7,374.7,278.15,33.1,1
14429,-1419890,-1422298,-1427982,5684,-6.89,60.30,110,110,60.30,8,-375.1,375.1,356.72,33.1,1
14638,-1417591,-1417475,-1427982,10507,-22.66,63.16,124,110,60.30,9,-350.3,350.3,71.36,33.1,1
14847,-1431849,-1429835,-1427982,-1853,3.21,63.16,124,110,60.30,9,-363.9,363.9,146.12,33.1,1
15055,-1454733,-1454275,-1427982,-26293,54.72,63.16,124,110,60.30,9,-346.4,346.4,220.12,33.1,1
15270,-1437400,-1439802,-1427982,-11820,29.58,63.16,124,124,63.16,9,-357.6,357.6,295.32,34.1,1
15480,-1421607,-1423394,-1427982,4588,-9.20,60.18,133,124,63.16,10,-352.0,352.0,10.21,34.1,1
15689,-1418885,-1418312,-1427982,9670,-21.69,60.18,133,124,63.16,10,-346.8,346.8,82.15,34.1,1
15897,-1440499,-1437446,-1427982,-9464,14.95,60.18,133,124,63.16,10,-376.2,376.2,158.62,34.1,1
16105,-1459862,-1458111,-1427982,-30129,64.02,60.18,133,124,63.16,10,-361.7,361.7,235.20,34.1,1
16319,-1431324,-1434084,-1427982,-6102,18.02,60.18,133,133,60.18,10,-385.3,385.3,315.67,34.1,1
16528,-1416764,-1418432,-1427982,9550,-19.77,60.23,139,133,60.18,11,-371.4,371.4,35.20,34.1,1
16737,-1419724,-1418986,-1427982,8996,-19.56,60.23,139,133,60.18,11,-390.0,390.0,114.28,34.1,1
16945,-1456637,-1453309,-1427982,-25327,48.40,60.23,139,133,60.18,11,-396.6,396.6,197.36,34.1,1
17153,-1451824,-1453012,-1427982,-25030,54.05,60.23,139,133,60.18,11,-392.2,392.2,278.15,34.1,1
17368,-1418861,-1421153,-1427982,6829,-9.69,67.26,146,139,60.23,12,-397.3,397.3,3.68,34.1,1
17587,-1418316,-1417906,-1427982,10076,-22.24,67.26,146,139,60.23,12,-386.0,386.0,87.99,34.1,1
17795,-1437389,-1434741,-1427982,-6759,13.58,67.26,146,139,60.23,12,-409.6,409.6,172.58,34.1,1
18003,-1455459,-1455857,-1427982,-27875,60.32,67.26,146,139,60.23,12,-394.7,394.7,255.71,34.1,1
18211,-1430209,-1433324,-1427982,-5342,16.99,67.26,146,139,60.23,12,-403.8,403.8,339.42,34.1,1
18426,-1415320,-1416894,-1427982,11088,-23.22,66.52,150,146,67.26,13,-384.6,384.6,63.79,34.1,1
18635,-1434011,-1431840,-1427982,-3858,4.45,66.52,150,146,67.26,13,-390.4,390.4,144.68,34.1,1
18843,-1452902,-1450932,-1427982,-22950,48.39,66.52,150,146,67.26,13,-377.9,377.9,225.14,34.1,1
19052,-1431927,-1434561,-1427982,-6579,19.22,66.52,150,146,67.26,13,-380.7,380.7,304.18,34.1,1
19262,-1417234,-1418899,-1427982,9083,-16.48,63.83,146,146,67.26,14,-370.2,370.2,23.12,34.1,1
19476,-1420267,-1419548,-1427982,8434,-18.34,63.83,146,146,63.83,14,-371.6,371.6,101.67,34.1,1
19687,-1449070,-1446434,-1427982,-18452,34.21,63.83,146,146,63.83,14,-379.4,379.4,181.23,34.1,1
19895,-1450177,-1450486,-1427982,-22504,48.74,63.83,146,146,63.83,14,-371.5,371.5,258.76,34.1,1
20103,-1430461,-1432951,-1427982,-4969,11.55,63.83,146,146,63.83,14,-384.2,384.2,338.07,34.1,1
20312,-1416196,-1416562,-1427982,11420,-23.75,60.12,143,146,63.83,15,-370.5,370.5,56.87,33.1,1
20526,-1429339,-1427552,-1427982,430,-1.60,60.12,143,143,60.12,15,-376.2,376.2,136.69,33.1,1
20734,-1450159,-1447683,-1427982,-19701,41.40,60.12,143,143,60.12,15,-372.0,372.0,214.88,33.1,1
20943,-1439607,-1441736,-1427982,-13754,33.20,60.12,143,143,60.12,15,-380.7,380.7,293.19,33.1,1
21153,-1420645,-1422831,-1427982,5151,-10.13,63.50,136,143,60.12,16,-381.7,381.7,13.16,33.1,1
21361,-1423401,-1422099,-1427982,5883,-14.84,63.50,136,143,60.12,16,-381.8,381.8,92.13,33.1,1
21576,-1444034,-1441332,-1427982,-13350,23.87,63.50,136,136,63.50,16,-395.3,395.3,176.44,33.1,1
21784,-1451670,-1451201,-1427982,-23219,49.65,63.50,136,136,63.50,16,-393.1,393.1,257.96,33.1,1
21994,-1424127,-1426652,-1427982,1330,2.33,63.50,136,136,63.50,16,-404.1,404.1,342.39,33.1,1
22203,-1415697,-1416315,-1427982,11667,-23.84,67.11,131,136,63.50,17,-391.7,391.7,65.48,33.1,1
22411,-1429532,-1427687,-1427982,295,-1.28,67.11,131,136,63.50,17,-393.7,393.7,147.15,33.1,1
22625,-1450600,-1449618,-1427982,-21636,44.58,67.11,131,131,67.11,17,-385.7,385.7,230.47,33.1,1
22834,-1436670,-1438838,-1427982,-10856,27.06,67.11,131,131,67.11,17,-395.2,395.2,311.63,33.1,1
23045,-1418219,-1420325,-1427982,7657,-15.67,63.48,125,131,67.11,18,-391.9,391.9,35.33,33.1,1
23254,-1426146,-1424485,-1427982,3497,-10.38,63.48,125,131,67.11,18,-402.3,402.3,118.02,33.1,1
23464,-1448679,-1445931,-1427982,-17949,37.40,63.48,125,131,67.11,18,-408.4,408.4,203.61,33.1,1
23677,-1440369,-1442428,-1427982,-14446,34.60,63.48,125,125,63.48,18,-405.0,405.0,289.63,33.1,1
23889,-1419482,-1421868,-1427982,6114,-8.83,66.89,124,125,63.48,19,-401.9,401.9,14.93,33.1,1
24097,-1417962,-1417606,-1427982,10376,-22.37,66.89,124,125,63.48,19,-395.6,395.6,97.59,33.1,1
24305,-1445278,-1442836,-1427982,-14854,26.89,66.89,124,125,63.48,19,-399.8,399.8,180.54,33.1,1
24513,-1449693,-1449630,-1427982,-21648,46.24,66.89,124,125,63.48,19,-393.5,393.5,262.57,33.1,1
24727,-1429551,-1432118,-1427982,-4136,9.79,66.89,124,124,66.89,19,-398.1,398.1,347.55,33.1,1
24937,-1416920,-1416965,-1427982,11017,-23.44,67.34,123,124,66.89,20,-390.7,390.7,70.30,33.1,1
25146,-1432955,-1430806,-1427982,-2824,5.23,67.34,123,124,66.89,20,-395.3,395.3,152.64,33.1,1
25354,-1449210,-1447511,-1427982,-19529,41.30,67.34,123,124,66.89,20,-389.1,389.1,234.10,33.1,1
25562,-1431663,-1434115,-1427982,-6133,17.46,67.34,123,124,66.89,20,-397.9,397.9,316.40,33.1,1
25777,-1416771,-1418419,-1427982,9563,-19.80,63.49,121,123,67.34,21,-392.6,392.6,41.24,33.1,1
25986,-1431054,-1429046,-1427982,-1064,-1.51,63.49,121,123,67.34,21,-402.8,402.8,124.45,33.1,1
26194,-1449585,-1447587,-1427982,-19605,38.47,63.49,121,123,67.34,21,-403.1,403.1,208.52,33.1,1
26402,-1445291,-1446285,-1427982,-18303,39.58,63.49,121,123,67.34,21,-407.7,407.7,292.57,33.1,1
26611,-1416598,-1418533,-1427982,9449,-16.07,67.72,120,123,67.34,22,-408.0,408.0,17.77,33.1,1
26830,-1421946,-1420858,-1427982,7124,-17.12,67.72,120,120,67.72,22,-403.5,403.5,106.45,33.1,1
27040,-1441218,-1438705,-1427982,-10723,22.13,67.72,120,120,67.72,22,-403.1,403.1,191.24,33.1,1
27248,-1446293,-1447176,-1427982,-19194,42.63,67.72,120,120,67.72,22,-394.9,394.9,273.71,33.1,1
27470,-1424741,-1427270,-1427982,712,2.98,69.85,121,120,67.72,23,-394.7,394.7,1.04,33.1,1
27683,-1420731,-1419810,-1427982,8172,-18.82,69.85,121,121,69.85,23,-386.4,386.4,84.15,33.1,1
27891,-1439143,-1436764,-1427982,-8782,14.64,69.85,121,121,69.85,23,-391.0,391.0,165.21,33.1,1
28100,-1451421,-1450215,-1427982,-22233,47.28,69.85,121,121,69.85,23,-392.9,392.9,246.69,33.1,1
28308,-1432713,-1434454,-1427982,-6472,17.54,69.85,121,121,69.85,23,-416.8,416.8,332.24,33.1,1
28517,-1417902,-1419751,-1427982,8231,-14.36,63.63,121,121,69.85,24,-407.7,407.7,58.45,33.1,1
28731,-1427486,-1425969,-1427982,2013,-4.84,63.63,121,121,63.63,24,-406.5,406.5,145.42,33.1,1
28941,-1449846,-1448503,-1427982,-20521,41.57,63.63,121,121,63.63,24,-397.9,397.9,230.00,33.1,1
29150,-1438604,-1440544,-1427982,-12562,27.63,63.63,121,121,63.63,24,-396.3,396.3,312.81,33.1,1
29359,-1419646,-1421819,-1427982,6163,-12.45,67.11,121,121,63.63,25,-388.6,388.6,35.01,33.1,1
29570,-1426495,-1424943,-1427982,3039,-9.20,67.11,121,121,63.63,25,-380.4,380.4,115.63,33.1,1
29783,-1442309,-1440325,-1427982,-12343,25.68,67.11,121,121,67.11,25,-374.4,374.4,195.94,33.1,1
29991,-1441648,-1442963,-1427982,-14981,34.24,67.11,121,121,67.11,25,-381.9,381.9,274.20,33.1,1
30200,-1423234,-1425304,-1427982,2678,-2.03,67.11,121,121,67.11,25,-389.5,389.5,355.46,33.1,1
30409,-1417393,-1417725,-1427982,10257,-21.88,63.43,122,121,67.11,26,-387.3,387.3,76.10,33.1,1
30617,-1439923,-1437563,-1427982,-9581,15.93,63.43,122,121,67.11,26,-395.4,395.4,158.09,33.1,1
30831,-1451630,-1450548,-1427982,-22566,46.43,63.43,122,122,63.43,26,-391.7,391.7,242.33,33.1,1
31053,-1427633,-1429989,-1427982,-2007,9.11,63.43,122,122,63.43,26,-403.1,403.1,330.59,33.1,1
31262,-1415915,-1417013,-1427982,10969,-21.51,66.28,120,122,63.43,27,-398.9,398.9,54.76,33.1,1
31470,-1428343,-1426607,-1427982,1375,-3.59,66.28,120,122,63.43,27,-411.9,411.9,139.33,33.1,1
31678,-1452941,-1451606,-1427982,-23624,47.55,66.28,120,122,63.43,27,-412.1,412.1,225.57,33.1,1
31891,-1438211,-1440582,-1427982,-12600,31.14,66.28,120,120,66.28,27,-412.8,412.8,313.28,33.1,1
32100,-1418015,-1420270,-1427982,7712,-15.73,67.43,118,120,66.28,28,-407.0,407.0,39.11,33.1,1
32310,-1429191,-1427407,-1427982,575,-4.35,67.43,118,120,66.28,28,-401.8,401.8,123.65,33.1,1
32519,-1445831,-1443872,-1427982,-15890,30.59,67.43,118,120,66.28,28,-396.3,396.3,207.13,33.1,1
32728,-1446708,-1447105,-1427982,-19123,41.16,67.43,118,120,66.28,28,-388.3,388.3,288.54,33.1,1
32942,-1419279,-1421245,-1427982,6737,-10.89,67.11,116,118,67.43,29,-386.1,386.1,11.14,33.1,1
33151,-1419259,-1418799,-1427982,9183,-19.79,67.11,116,118,67.43,29,-380.4,380.4,90.65,33.1,1
33359,-1444246,-1442117,-1427982,-14135,25.93,67.11,116,118,67.43,29,-382.7,382.7,170.70,33.1,1
33567,-1446083,-1446278,-1427982,-18296,39.52,67.11,116,118,67.43,29,-376.4,376.4,249.31,33.1,1
33775,-1429750,-1431772,-1427982,-3790,8.94,67.11,116,118,67.43,29,-385.8,385.8,329.09,33.1,1
33989,-1416597,-1417063,-1427982,10919,-22.11,63.63,113,116,67.11,30,-381.8,381.8,51.04,33.1,1
34198,-1430759,-1428751,-1427982,-769,-1.86,63.63,113,116,67.11,30,-401.3,401.3,133.16,33.1,1
34406,-1448372,-1446506,-1427982,-18524,39.08,63.63,113,116,67.11,30,-398.9,398.9,217.16,33.1,1
34614,-1435031,-1437274,-1427982,-9292,24.07,63.63,113,116,67.11,30,-401.9,401.9,300.07,33.1,1
34824,-1418638,-1420527,-1427982,7455,-12.60,67.72,114,116,67.11,31,-401.5,401.5,24.74,33.1,1
35038,-1420314,-1419631,-1427982,8351,-18.14,67.72,114,114,67.72,31,-410.9,410.9,111.43,33.1,1
35248,-1448488,-1446326,-1427982,-18344,35.46,67.72,114,114,67.72,31,-414.1,414.1,198.16,33.1,1
35456,-1445444,-1446323,-1427982,-18341,39.61,67.72,114,114,67.72,31,-413.7,413.7,284.04,33.1,1
35665,-1424788,-1427250,-1427982,732,-0.69,67.11,115,114,67.72,32,-415.8,415.8,10.62,33.1,1
35873,-1421860,-1420857,-1427982,7125,-16.95,67.11,115,114,67.72,32,-414.3,414.3,96.94,33.1,1
36086,-1440996,-1438566,-1427982,-10584,21.75,67.11,115,115,67.11,32,-414.8,414.8,185.34,33.1,1
36295,-1444067,-1445074,-1427982,-17092,38.11,67.11,115,115,67.11,32,-409.0,409.0,270.70,33.1,1
36503,-1423912,-1426234,-1427982,1748,0.40,67.11,115,115,67.11,32,-411.9,411.9,356.61,33.1,1
36712,-1417900,-1418153,-1427982,9829,-20.88,67.34,115,115,67.11,33,-405.5,405.5,81.49,33.1,1
36920,-1443029,-1440629,-1427982,-12647,22.32,67.34,115,115,67.11,33,-406.3,406.3,166.16,33.1,1
37135,-1450113,-1449622,-1427982,-21640,45.48,67.34,115,115,67.34,33,-398.9,398.9,252.39,33.1,1
37343,-1431533,-1433986,-1427982,-6004,13.75,67.34,115,115,67.34,33,-406.3,406.3,336.44,33.1,1
37553,-1416326,-1416597,-1427982,11385,-23.82,67.18,115,115,67.34,34,-403.8,403.8,61.41,33.1,1
37761,-1432472,-1430258,-1427982,-2276,1.00,67.18,115,115,67.34,34,-408.7,408.7,146.23,33.1,1
37969,-1450100,-1448258,-1427982,-20276,42.85,67.18,115,115,67.34,34,-403.9,403.9,230.73,33.1,1
38182,-1431812,-1434458,-1427982,-6476,18.53,67.18,115,115,67.18,34,-414.1,414.1,318.16,33.1,1
38392,-1416363,-1417998,-1427982,9984,-20.69,71.60,116,115,67.18,35,-410.9,410.9,44.65,33.1,1
38600,-1423825,-1422512,-1427982,5470,-12.19,71.60,116,115,67.18,35,-414.7,414.7,131.03,33.1,1
38808,-1450515,-1448750,-1427982,-20768,41.34,71.60,116,115,67.18,35,-411.9,411.9,217.36,33.1,1
39016,-1441942,-1443607,-1427982,-15625,34.08,71.60,116,115,67.18,35,-415.0,415.0,303.12,33.1,1
39235,-1416085,-1417512,-1427982,10470,-19.16,66.99,117,116,71.60,36,-410.2,410.2,33.70,33.1,1
39446,-1425764,-1424283,-1427982,3699,-10.47,66.99,117,116,71.60,36,-412.4,412.4,120.23,33.1,1
39654,-1446135,-1443623,-1427982,-15641,32.68,66.99,117,116,71.60,36,-409.5,409.5,205.90,33.1,1
39862,-1439379,-1441344,-1427982,-13362,32.04,66.99,117,116,71.60,36,-415.4,415.4,291.21,33.1,1
40071,-1419777,-1422022,-1427982,5960,-8.76,67.54,118,116,71.60,37,-418.9,418.9,18.46,33.1,1
40290,-1419886,-1419385,-1427982,8597,-18.61,67.54,118,118,67.54,37,-413.3,413.3,109.38,33.1,1
40499,-1448229,-1445576,-1427982,-17594,33.03,67.54,118,118,67.54,37,-415.1,415.1,196.15,33.1,1
40707,-1454154,-1454076,-1427982,-26094,55.84,67.54,118,118,67.54,37,-423.4,423.4,282.82,33.1,1
40917,-1417626,-1420530,-1427982,7452,-9.87,70.92,120,118,67.54,38,-428.5,428.5,12.60,33.1,1
41130,-1421483,-1420504,-1427982,7478,-17.66,70.92,120,120,70.92,38,-426.3,426.3,103.64,33.1,1
41338,-1441855,-1439207,-1427982,-11225,23.16,70.92,120,120,70.92,38,-430.7,430.7,192.87,33.1,1
41547,-1445962,-1447216,-1427982,-19234,43.06,70.92,120,120,70.92,38,-427.9,427.9,282.03,33.1,1
41756,-1422409,-1425177,-1427982,2805,-1.08,71.51,123,120,70.92,39,-427.4,427.4,11.21,33.1,1
41964,-1419222,-1418996,-1427982,8986,-19.33,71.51,123,120,70.92,39,-415.2,415.2,98.62,33.1,1
42178,-1444404,-1442124,-1427982,-14142,25.71,71.51,123,123,71.51,39,-413.0,413.0,187.19,33.1,1
42386,-1450157,-1449970,-1427982,-21988,46.75,71.51,123,123,71.51,39,-406.8,406.8,271.95,33.1,1
42595,-1427773,-1430610,-1427982,-2628,6.64,71.51,123,123,71.51,39,-404.2,404.2,356.62,33.1,1
42804,-1420375,-1419685,-1427982,8297,-18.89,67.27,124,123,71.51,40,-395.3,395.3,79.80,33.1,1
43012,-1436399,-1434362,-1427982,-6380,12.88,67.27,124,123,71.51,40,-393.7,393.7,161.77,33.1,1
43228,-1449085,-1448959,-1427982,-20977,44.25,67.27,124,124,67.27,40,-388.6,388.6,246.15,33.1,1
43436,-1429125,-1431536,-1427982,-3554,11.90,67.27,124,124,67.27,40,-408.7,408.7,329.55,33.1,1
43646,-1421272,-1422079,-1427982,5903,-12.28,67.19,124,124,67.27,41,-399.0,399.0,54.73,33.1,1
43854,-1434036,-1432177,-1427982,-4195,5.53,67.19,124,124,67.27,41,-392.2,392.2,136.72,33.1,1
44062,-1447553,-1446123,-1427982,-18141,36.34,67.19,124,124,67.27,41,-387.7,387.7,217.90,33.1,1
44276,-1441076,-1442325,-1427982,-14343,31.21,67.19,124,124,67.19,41,-387.7,387.7,300.53,33.1,1
44485,-1417727,-1419383,-1427982,8599,-15.45,67.27,122,124,67.19,42,-382.6,382.6,21.23,33.1,1
44694,-1422733,-1421798,-1427982,6184,-14.85,67.27,122,124,67.19,42,-381.8,381.8,100.66,33.1,1
44902,-1438772,-1436645,-1427982,-8663,17.84,67.27,122,124,67.19,42,-386.7,386.7,180.97,33.1,1
45110,-1447460,-1447958,-1427982,-19976,43.62,67.27,122,124,67.19,42,-386.1,386.1,260.92,33.1,1
45324,-1427295,-1429650,-1427982,-1668,7.78,67.27,122,122,67.27,42,-391.4,391.4,344.67,33.1,1
45547,-1419596,-1419187,-1427982,8795,-19.18,63.48,120,122,67.27,43,-386.9,386.9,70.89,33.1,1
45756,-1436359,-1434027,-1427982,-6045,8.88,63.48,120,122,67.27,43,-397.0,397.0,153.50,33.1,1
45964,-1450991,-1449578,-1427982,-21596,45.83,63.48,120,122,67.27,43,-391.9,391.9,235.38,33.1,1
46172,-1429413,-1431838,-1427982,-3856,12.57,63.48,120,122,67.27,43,-403.4,403.4,318.65,33.1,1
46393,-1416398,-1417757,-1427982,10225,-21.33,66.74,119,119,66.74,44,-396.5,396.5,46.98,33.1,1
46602,-1434309,-1432165,-1427982,-4183,4.85,66.74,119,119,66.74,44,-406.6,406.6,130.97,33.1,1
46811,-1450248,-1448580,-1427982,-20598,41.18,66.74,119,119,66.74,44,-401.0,401.0,215.96,33.1,1
47019,-1441007,-1442718,-1427982,-14736,32.20,66.74,119,119,66.74,44,-408.2,408.2,300.06,33.1,1
47228,-1415412,-1416899,-1427982,11083,-20.40,66.72,118,119,66.74,45,-404.7,404.7,25.26,33.1,1
47441,-1425052,-1423519,-1427982,4463,-12.22,66.72,118,118,66.72,45,-403.1,403.1,110.81,33.1,1
47650,-1443991,-1441635,-1427982,-13653,28.47,66.72,118,118,66.72,45,-401.7,401.7,194.55,33.1,1
47858,-1442208,-1443814,-1427982,-15832,36.55,66.72,118,118,66.72,45,-407.3,407.3,278.67,33.1,1
48067,-1420935,-1423380,-1427982,4602,-5.49,67.36,117,118,66.72,46,-412.4,412.4,4.31,33.1,1
48276,-1417562,-1417461,-1427982,10521,-22.59,67.36,117,118,66.72,46,-409.8,409.8,90.03,33.1,1
48489,-1444971,-1442425,-1427982,-14443,26.46,67.36,117,117,67.36,46,-411.9,411.9,177.80,33.1,1
48699,-1450457,-1450232,-1427982,-22250,47.56,67.36,117,117,67.36,46,-409.8,409.8,263.13,33.1,1
48907,-1429554,-1432261,-1427982,-4279,10.14,67.36,117,117,67.36,46,-414.0,414.0,349.56,33.1,1
49128,-1418932,-1418553,-1427982,9429,-20.76,67.19,117,117,67.36,47,-406.6,406.6,79.63,33.1,1
49337,-1435443,-1433313,-1427982,-5331,10.69,67.19,117,117,67.36,47,-407.0,407.0,164.88,33.1,1
49550,-1449340,-1449167,-1427982,-21185,45.04,67.19,117,117,67.19,47,-401.4,401.4,250.67,33.1,1
49759,-1428492,-1431124,-1427982,-3142,11.39,67.19,117,117,67.19,47,-415.4,415.4,336.81,33.1,1
49968,-1415740,-1416996,-1427982,10986,-23.11,66.38,118,117,67.19,48,-407.5,407.5,62.78,33.1,1
50176,-1436870,-1434574,-1427982,-6592,10.09,66.38,118,117,67.19,48,-411.1,411.1,148.04,33.1,1
50384,-1451080,-1449677,-1427982,-21695,43.99,66.38,118,117,67.19,48,-407.0,407.0,233.04,34.1,1
50599,-1437027,-1439223,-1427982,-11241,24.89,66.38,118,118,66.38,48,-421.8,421.8,322.78,34.1,1
50809,-1415753,-1416732,-1427982,11250,-22.29,71.42,120,118,66.38,49,-415.7,415.7,50.77,34.1,1
51017,-1428712,-1426897,-1427982,1085,-3.00,71.42,120,118,66.38,49,-427.7,427.7,138.75,34.1,1
51225,-1453002,-1451894,-1427982,-23912,48.55,71.42,120,118,66.38,49,-425.6,425.6,227.74,34.1,1
51433,-1434024,-1436788,-1427982,-8806,23.71,71.42,120,118,66.38,49,-431.6,431.6,316.89,34.1,1
51648,-1416712,-1418535,-1427982,9447,-19.61,71.44,122,120,71.42,50,-426.4,426.4,49.31,34.1,1
51857,-1433827,-1431698,-1427982,-3716,3.87,71.44,122,120,71.42,50,-428.3,428.3,138.66,34.1,1
52065,-1450653,-1448881,-1427982,-20899,41.64,71.44,122,120,71.42,50,-422.7,422.7,227.20,34.1,1
52273,-1440072,-1441998,-1427982,-14016,30.74,71.44,122,120,71.42,50,-429.1,429.1,315.78,34.1,1
52482,-1416014,-1417093,-1427982,10889,-21.32,71.93,123,120,71.42,51,-423.5,423.5,44.98,34.1,1
52696,-1429976,-1428050,-1427982,-68,-0.57,71.93,123,123,71.93,51,-427.3,427.3,136.01,34.1,1
52916,-1451274,-1450217,-1427982,-22235,45.17,71.93,123,123,71.93,51,-422.5,422.5,229.56,34.1,1
53124,-1433331,-1435978,-1427982,-7996,21.77,71.93,123,123,71.93,51,-430.1,430.1,318.56,34.1,1
53333,-1416633,-1418383,-1427982,9599,-19.82,70.50,125,123,71.93,52,-422.3,422.3,47.69,34.1,1
53546,-1434636,-1432706,-1427982,-4724,6.30,70.50,125,125,70.50,52,-424.6,424.6,137.86,34.1,1
53754,-1451351,-1449453,-1427982,-21471,42.67,70.50,125,125,70.50,52,-420.8,420.8,225.95,34.1,1
53963,-1440813,-1442795,-1427982,-14813,32.47,70.50,125,125,70.50,52,-424.5,424.5,314.36,34.1,1
54173,-1416067,-1417181,-1427982,10801,-21.07,67.27,125,125,70.50,53,-418.9,418.9,43.09,34.1,1
54382,-1429067,-1427243,-1427982,739,-4.76,67.27,125,125,70.50,53,-422.7,422.7,131.04,34.1,1
54596,-1447744,-1445563,-1427982,-17581,36.95,67.27,125,125,67.27,53,-418.8,418.8,221.14,34.1,1
54804,-1434045,-1436677,-1427982,-8695,23.22,67.27,125,125,67.27,53,-426.3,426.3,309.30,34.1,1
55014,-1417401,-1419166,-1427982,8816,-18.13,71.41,126,125,67.27,54,-421.4,421.4,38.39,34.1,1
55222,-1433960,-1431817,-1427982,-3835,4.12,71.41,126,125,67.27,54,-430.4,430.4,127.05,34.1,1
55430,-1452247,-1450318,-1427982,-22336,44.44,71.41,126,125,67.27,54,-429.5,429.5,216.83,33.1,1
55643,-1441755,-1443740,-1427982,-15758,34.48,71.41,126,126,71.41,54,-433.4,433.4,308.48,33.1,1
55852,-1416396,-1417523,-1427982,10459,-19.62,71.52,127,126,71.41,55,-426.3,426.3,38.55,33.1,1
56061,-1429540,-1427740,-1427982,242,-3.66,71.52,127,126,71.41,55,-434.8,434.8,128.66,33.1,1
56269,-1448983,-1446698,-1427982,-18716,39.35,71.52,127,126,71.41,55,-431.1,431.1,218.81,33.1,1
56477,-1433768,-1436432,-1427982,-8450,23.04,71.52,127,126,71.41,55,-439.9,439.9,309.44,33.1,1
56698,-1416479,-1418280,-1427982,9702,-17.54,71.85,129,129,71.85,56,-436.3,436.3,46.72,33.1,1
56906,-1425152,-1423768,-1427982,4214,-9.52,71.85,129,129,71.85,56,-434.8,434.8,136.96,33.1,1
57115,-1455465,-1453001,-1427982,-25019,49.26,71.85,129,129,71.85,56,-435.4,435.4,227.97,33.1,1
57323,-1442948,-1445295,-1427982,-17313,37.94,71.85,129,129,71.85,56,-456.0,456.0,321.40,33.1,1
57532,-1418617,-1419109,-1427982,8873,-17.23,75.68,132,129,71.85,57,-449.9,449.9,56.26,33.1,1
57745,-1433971,-1431962,-1427982,-3980,5.01,75.68,132,132,75.68,57,-447.1,447.1,151.47,33.1,1
57953,-1454328,-1452005,-1427982,-24023,50.58,75.68,132,132,75.68,57,-451.2,451.2,244.79,33.1,1
58162,-1426464,-1429803,-1427982,-1821,10.47,75.68,132,132,75.68,57,-461.9,461.9,340.97,33.1,1
58371,-1418423,-1418714,-1427982,9268,-19.21,76.24,136,132,75.68,58,-450.9,450.9,76.22,33.1,1
58580,-1434781,-1432611,-1427982,-4629,9.18,76.24,136,132,75.68,58,-455.6,455.6,170.81,33.1,1
58793,-1452521,-1452801,-1427982,-24819,52.95,76.24,136,136,76.24,58,-461.4,461.4,268.30,33.1,1
59011,-1425266,-1428610,-1427982,-628,2.68,75.38,142,136,76.24,59,-467.9,467.9,9.82,33.1,1
59220,-1425119,-1423804,-1427982,4178,-11.14,75.38,142,136,76.24,59,-461.9,461.9,107.11,33.1,1
59428,-1446765,-1444045,-1427982,-16063,29.64,75.38,142,136,76.24,59,-463.3,463.3,203.61,33.1,1
59636,-1446833,-1447656,-1427982,-19674,42.39,75.38,142,136,76.24,59,-474.7,474.7,300.92,33.1,1
59851,-1416914,-1418368,-1427982,9614,-17.11,76.13,146,142,75.38,60,-472.9,472.9,43.26,33.1,1
60059,-1430219,-1428345,-1427982,-363,-2.48,76.13,146,142,75.38,60,-479.4,479.4,142.12,33.1,1
60268,-1453612,-1450965,-1427982,-22983,48.38,76.13,146,142,75.38,60,-475.6,475.6,242.56,33.1,1
60477,-1426152,-1429654,-1427982,-1672,10.43,76.13,146,142,75.38,60,-478.3,478.3,342.15,33.1,1
60686,-1417090,-1417518,-1427982,10464,-21.54,82.09,149,142,75.38,61,-466.1,466.1,80.56,33.1,1
60900,-1435016,-1432635,-1427982,-4653,9.15,82.09,149,149,82.09,61,-463.3,463.3,179.77,33.1,1
61108,-1447216,-1447795,-1427982,-19813,43.37,82.09,149,149,82.09,61,-462.5,462.5,275.61,33.1,1
61318,-1423163,-1425916,-1427982,2066,-3.30,76.14,151,149,82.09,62,-465.8,465.8,13.13,33.1,1
61526,-1419728,-1419614,-1427982,8368,-17.98,76.14,151,149,82.09,62,-476.3,476.3,111.41,33.1,1
61734,-1451855,-1449082,-1427982,-21100,40.31,76.14,151,149,82.09,62,-480.9,480.9,211.70,33.1,1
61947,-1445227,-1446929,-1427982,-18947,41.17,76.14,151,151,76.14,62,-477.0,477.0,313.35,33.1,1
62156,-1416689,-1417663,-1427982,10319,-19.43,81.74,152,151,76.14,63,-469.2,469.2,52.36,33.1,1
62366,-1433140,-1430926,-1427982,-2944,2.45,81.74,152,151,76.14,63,-466.5,466.5,150.43,33.1,1
62575,-1452508,-1450428,-1427982,-22446,47.27,81.74,152,151,76.14,63,-457.4,457.4,247.10,33.1,1
62786,-1423793,-1427079,-1427982,903,4.60,81.74,152,151,76.14,63,-456.4,456.4,343.58,33.1,1
